{"hostname":"ubuntu","used memory":2133.800000,"total memory":3953.200000,"cpu usage":5.197000}
