{"hostname":"ubuntu","used memory":2132.800000,"total memory":3953.200000,"cpu usage":11.197000}
